2,Ali,Asghar,10-11-2012
3,Habeeb,Naveed,10-11-2012
4,Ali,Abdullah,10-11-2012
5,Ali,Abdullah,10-11-2012
6,Ali,Asghar,10-11-2012
7,Habeeb,Naveed,10-11-2012
8,Ali,Abdullah,10-11-2012
9,Ali,Abdullah,10-11-2012
10,Ali,Asghar,10-11-2012
11,Habeeb,Naveed,10-11-2012
12,fadsf...,.dfa..,...
13,...,...,...
14,Ali,Asghar,10-11-2012
15,Habeeb,Naveed,10-11-2012
16,Ali,Abdullah,10-11-2012
17,Ali,Abdullah,10-11-2012
18,Ali,Asghar,10-11-2012
19,Habeeb,Naveed,10-11-2012
20,Ali,Abdullah,10-11-2012
21,Ali,Abdullah,10-11-2012
22,Ali,Asghar,10-11-2012
23,Habeeb,Naveed,10-11-2012
24,...,...,...
25,...,...,...
26,...,...,...
27,...,...,...
28,...,...,...
29,...,...,...
30,...,...,...
31,...,...,...
32,...,...,...
33,...,...,...
34,...,...,...
35,...,...,...
36,...,...,...
37,...,...,...
38,...,...,...
39,...,...,...
40,...,...,...
41,...,...,...
42,...,...,...
43,...,...,...
44,...,...,...
45,...,...,...
46,...,...,...
47,...,...,...
48,...,...,...
49,...,...,...
50,...,...,...
51,...,...,...
52,...,...,...
53,Ali,Abdullah,10-11-2012
54,Ali,Asghar,10-11-2012
55,Habeeb,Naveed,10-11-2012
56,Ali,Abdullah,10-11-2012
57,Ali,Abdullah,10-11-2012
58,Ali,Asghar,10-11-2012
59,Habeeb,Naveed,10-11-2012
60,Ali,Abdullah,10-11-2012
61,Ali,Abdullah,10-11-2012
62,Ali,Asghar,10-11-2012
63,Habeeb,Naveed,10-11-2012
64,fadsf...,.dfa..,...
65,...,...,...
66,Ali,Asghar,10-11-2012
67,Habeeb,Naveed,10-11-2012
68,Ali,Abdullah,10-11-2012
69,Ali,Abdullah,10-11-2012
70,Ali,Asghar,10-11-2012
71,Habeeb,Naveed,10-11-2012
72,Ali,Abdullah,10-11-2012
73,Ali,Abdullah,10-11-2012
74,Ali,Asghar,10-11-2012
75,Habeeb,Naveed,10-11-2012
76,...,...,...
77,...,...,...
78,...,...,...
79,...,...,...
80,...,...,...
81,...,...,...
82,...,...,...
83,...,...,...
84,...,...,...
85,...,...,...
86,...,...,...
87,...,...,...
88,...,...,...
89,...,...,...
90,...,...,...
91,...,...,...
92,...,...,...
93,...,...,...
94,...,...,...
95,...,...,...
96,...,...,...
97,...,...,...
98,...,...,...
99,...,...,...
100,...,...,...
101,...,...,...
102,...,...,...
103,...,...,...
104,...,...,...
105,Ali,Abdullah,10-11-2012
106,Ali,Asghar,10-11-2012
107,Habeeb,Naveed,10-11-2012
108,Ali,Abdullah,10-11-2012
109,Ali,Abdullah,10-11-2012
110,Ali,Asghar,10-11-2012
111,Habeeb,Naveed,10-11-2012
112,Ali,Abdullah,10-11-2012
113,Ali,Abdullah,10-11-2012
114,Ali,Asghar,10-11-2012
115,Habeeb,Naveed,10-11-2012
116,fadsf...,.dfa..,...
117,...,...,...
118,Ali,Asghar,10-11-2012
119,Habeeb,Naveed,10-11-2012
120,Ali,Abdullah,10-11-2012
121,Ali,Abdullah,10-11-2012
122,Ali,Asghar,10-11-2012
123,Habeeb,Naveed,10-11-2012
124,Ali,Abdullah,10-11-2012
125,Ali,Abdullah,10-11-2012
126,Ali,Asghar,10-11-2012
127,Habeeb,Naveed,10-11-2012
128,...,...,...
129,...,...,...
130,...,...,...
131,...,...,...
132,...,...,...
133,...,...,...
134,...,...,...
135,...,...,...
136,...,...,...
137,...,...,...
138,...,...,...
139,...,...,...
140,...,...,...
141,...,...,...
142,...,...,...
143,...,...,...
144,...,...,...
145,...,...,...
146,...,...,...
147,...,...,...
148,...,...,...
149,...,...,...
150,...,...,...
151,...,...,...
152,...,...,...
153,...,...,...
154,...,...,...
155,...,...,...
156,...,...,...
157,Ali,Abdullah,10-11-2012
158,Ali,Asghar,10-11-2012
159,Habeeb,Naveed,10-11-2012
160,Ali,Abdullah,10-11-2012
161,Ali,Abdullah,10-11-2012
162,Ali,Asghar,10-11-2012
163,Habeeb,Naveed,10-11-2012
164,Ali,Abdullah,10-11-2012
165,Ali,Abdullah,10-11-2012
166,Ali,Asghar,10-11-2012
167,Habeeb,Naveed,10-11-2012
168,fadsf...,.dfa..,...
169,...,...,...
170,Ali,Asghar,10-11-2012
171,Habeeb,Naveed,10-11-2012
172,Ali,Abdullah,10-11-2012
173,Ali,Abdullah,10-11-2012
174,Ali,Asghar,10-11-2012
175,Habeeb,Naveed,10-11-2012
176,Ali,Abdullah,10-11-2012
177,Ali,Abdullah,10-11-2012
178,Ali,Asghar,10-11-2012
179,Habeeb,Naveed,10-11-2012
180,...,...,...
181,...,...,...
182,...,...,...
183,...,...,...
184,...,...,...
185,...,...,...
186,...,...,...
187,...,...,...
188,...,...,...
189,...,...,...
190,...,...,...
191,...,...,...
192,...,...,...
193,...,...,...
194,...,...,...
195,...,...,...
196,...,...,...
197,...,...,...
198,...,...,...
199,...,...,...
200,...,...,...
201,...,...,...
202,...,...,...
203,...,...,...
204,...,...,...
205,...,...,...
206,...,...,...
207,...,...,...
208,...,...,...
209,Ali,Abdullah,10-11-2012
210,Ali,Asghar,10-11-2012
211,Habeeb,Naveed,10-11-2012
212,Ali,Abdullah,10-11-2012
213,Ali,Abdullah,10-11-2012
214,Ali,Asghar,10-11-2012
215,Habeeb,Naveed,10-11-2012
216,Ali,Abdullah,10-11-2012
217,Ali,Abdullah,10-11-2012
218,Ali,Asghar,10-11-2012
219,Habeeb,Naveed,10-11-2012
220,fadsf...,.dfa..,...
221,...,...,...
222,Ali,Asghar,10-11-2012
223,Habeeb,Naveed,10-11-2012
224,Ali,Abdullah,10-11-2012
225,Ali,Abdullah,10-11-2012
226,Ali,Asghar,10-11-2012
227,Habeeb,Naveed,10-11-2012
228,Ali,Abdullah,10-11-2012
229,Ali,Abdullah,10-11-2012
230,Ali,Asghar,10-11-2012
231,Habeeb,Naveed,10-11-2012
232,...,...,...
233,...,...,...
234,...,...,...
235,...,...,...
236,...,...,...
237,...,...,...
238,...,...,...
239,...,...,...
240,...,...,...
241,...,...,...
242,...,...,...
243,...,...,...
244,...,...,...
245,...,...,...
246,...,...,...
247,...,...,...
248,...,...,...
249,...,...,...
250,...,...,...
251,...,...,...
252,...,...,...
253,...,...,...
254,...,...,...
255,...,...,...
256,...,...,...
257,...,...,...
258,...,...,...
259,...,...,...
260,...,...,...
261,...,...,...
262,...,...,...
263,...,...,...
264,...,...,...
265,...,...,...
266,...,...,...
267,...,...,...
268,...,...,...
269,...,...,...
270,...,...,...
271,...,...,...
272,...,...,...
273,...,...,...
274,...,...,...
275,...,...,...
276,...,...,...
277,...,...,...
278,...,...,...
279,...,...,...
280,...,...,...
281,...,...,...
282,...,...,...
283,...,...,...
284,...,...,...
285,...,...,...
286,...,...,...
287,...,...,...
288,...,...,...
289,...,...,...
290,...,...,...
291,...,...,...
292,...,...,...
293,...,...,...
294,...,...,...
295,...,...,...
296,...,...,...
297,...,...,...
298,...,...,...
299,...,...,...
300,...,...,...
